{
  "hash": "467b4aff",
  "configHash": "04a2b645",
  "lockfileHash": "bd3606d5",
  "browserHash": "b0c37ca8",
  "optimized": {
    "@angular/common": {
      "src": "../../../../../../node_modules/@angular/common/fesm2022/common.mjs",
      "file": "@angular_common.js",
      "fileHash": "2fea7f09",
      "needsInterop": false
    },
    "@angular/common/http": {
      "src": "../../../../../../node_modules/@angular/common/fesm2022/http.mjs",
      "file": "@angular_common_http.js",
      "fileHash": "29432c76",
      "needsInterop": false
    },
    "@angular/core": {
      "src": "../../../../../../node_modules/@angular/core/fesm2022/core.mjs",
      "file": "@angular_core.js",
      "fileHash": "6d1b8abe",
      "needsInterop": false
    },
    "@angular/forms": {
      "src": "../../../../../../node_modules/@angular/forms/fesm2022/forms.mjs",
      "file": "@angular_forms.js",
      "fileHash": "76263c50",
      "needsInterop": false
    },
    "@angular/platform-browser": {
      "src": "../../../../../../node_modules/@angular/platform-browser/fesm2022/platform-browser.mjs",
      "file": "@angular_platform-browser.js",
      "fileHash": "fb8f9a9b",
      "needsInterop": false
    },
    "@angular/router": {
      "src": "../../../../../../node_modules/@angular/router/fesm2022/router.mjs",
      "file": "@angular_router.js",
      "fileHash": "2891d375",
      "needsInterop": false
    }
  },
  "chunks": {
    "chunk-DOQEF3VZ": {
      "file": "chunk-DOQEF3VZ.js"
    },
    "chunk-QEA5L6B5": {
      "file": "chunk-QEA5L6B5.js"
    },
    "chunk-OXUNLFS6": {
      "file": "chunk-OXUNLFS6.js"
    },
    "chunk-OQJWFORT": {
      "file": "chunk-OQJWFORT.js"
    },
    "chunk-JAWVPNUG": {
      "file": "chunk-JAWVPNUG.js"
    }
  }
}